RollNo,Name,Math,Science,English,Attendance
101,Nayan,88,91,85,95
102,Rahul,70,65,80,90
103,Priya,95,92,98,99
104,Amit,60,72,68,80
105,Sneha,84,89,90,96
106,Rohan,76,81,74,88
107,Anjali,91,95,93,97
108,Karan,55,60,58,75
109,Neha,79,83,85,92
110,Arjun,68,71,73,85
111,Meera,97,96,99,100
112,Vivek,82,78,80,89
113,Pooja,90,88,91,94
114,Aditya,65,69,70,82
115,Simran,87,90,86,93
116,Ritika,92,94,90,98
117,Mohit,73,70,75,84
118,Kavya,89,91,88,96
119,Yash,66,68,72,81
120,Aisha,94,97,95,99
24070521010,Nayan,74,52,95,82
1,Mahima,54,65,77,89
